{
  "project_info": {
    "project_number": "891664262911",
    "project_id": "login-fec3b",
    "storage_bucket": "login-fec3b.appspot.com"
  },
  "client": [
    {
      "client_info": {
        "mobilesdk_app_id": "1:891664262911:android:d5f6c3c097ea68a7ec0eca",
        "android_client_info": {
          "package_name": "org.domain.googlelogin"
        }
      },
      "oauth_client": [
        {
          "client_id": "891664262911-k3tpel8s6jdsogv54la5lgtt71kvff67.apps.googleusercontent.com",
          "client_type": 1,
          "android_info": {
            "package_name": "org.domain.googlelogin",
            "certificate_hash": "bf0471be2de38b56757387d79830899334b0389b"
          }
        },
        {
          "client_id": "891664262911-avdgmv41tba2h7icqsidba6o0v5p2rm6.apps.googleusercontent.com",
          "client_type": 3
        }
      ],
      "api_key": [
        {
          "current_key": "AIzaSyAPl-CycyQG11Q3WYUfBI0EKUJukEF0Bfc"
        }
      ],
      "services": {
        "appinvite_service": {
          "other_platform_oauth_client": [
            {
              "client_id": "891664262911-avdgmv41tba2h7icqsidba6o0v5p2rm6.apps.googleusercontent.com",
              "client_type": 3
            }
          ]
        }
      }
    }
  ],
  "configuration_version": "1"
}